country,density,abbreviation,agricultural_land,land_area,armed_forces_size,birth_rate,calling_code,capital/major_city,co2-emissions,cpi,cpi_change,currency-code,fertility_rate,forested_area,gasoline_price,gdp,gross_primary_education_enrollment,gross_tertiary_education_enrollment,infant_mortality,largest_city,life_expectancy,maternal_mortality_ratio,minimum_wage,official_language,out_of_pocket_health_expenditure,physicians_per_thousand,population,population_labor_force_participation,tax_revenue,total_tax_rate,unemployment_rate,urban_population,latitud,longitud,continent
Afghanistan,60.0,AF,58.1,652.23,323.0,32.49,93.0,Kabul,8.67,149.9,2.3,AFN,4.47,2.1,$0.70 ,,104.0,9.7,47.9,Kabul,64.5,638.0,$0.43 ,Pashto,78.4,0.28,38041754.0,48.9,9.3,71.4,11.12,9797273.0,,,Asia
Albania,105.0,AL,43.1,28.75,9.0,11.78,355.0,Tirana,4.54,119.05,1.4,ALL,1.62,28.1,$1.36 ,,107.0,55.0,7.8,Tirana,78.5,15.0,$1.12 ,Albanian,56.9,1.2,2854191.0,55.7,18.6,36.6,12.33,1747593.0,,,Europe
Algeria,18.0,DZ,17.4,2381741.0,317.0,24.28,213.0,Algiers,150.01,151.36,2.0,DZD,3.02,0.8,$0.28 ,,109.9,51.4,20.1,Algiers,76.7,112.0,$0.95 ,Arabic,28.1,1.72,43053054.0,41.2,37.2,66.1,11.7,31510100.0,,,Africa
Andorra,164.0,AD,40.0,468.0,,7.2,376.0,Andorra la Vella,469.0,,,EUR,1.27,34.0,$1.51 ,,106.4,,2.7,Andorra la Vella,,,$6.63 ,Catalan,36.4,3.33,77.14,,,,,67.87,,,Europe
Angola,26.0,AO,47.5,1246700.0,117.0,40.73,244.0,Luanda,34.69,261.73,17.1,AOA,5.52,46.3,$0.97 ,,113.5,9.3,51.6,Luanda,60.8,241.0,$0.71 ,Portuguese,33.4,0.21,31825295.0,77.5,9.2,49.1,6.89,21061025.0,,,Africa
Antigua and Barbuda,223.0,AG,20.5,443.0,0.0,15.33,1.0,"St. John's, Saint John",557.0,113.81,1.2,XCD,1.99,22.3,$0.99 ,,105.0,24.8,5.0,"St. John's, Saint John",76.9,42.0,$3.04 ,English,24.3,2.76,97.12,,16.5,43.0,,23.8,,,North America
Argentina,17.0,AR,54.3,2780400.0,105.0,17.02,54.0,Buenos Aires,201.35,232.75,53.5,ARS,2.26,9.8,$1.10 ,,109.7,90.0,8.8,Buenos Aires,76.5,39.0,$3.35 ,Spanish,17.6,3.96,44938712.0,61.3,10.1,106.3,9.79,41339571.0,,,South America
Armenia,104.0,AM,58.9,29.74,49.0,13.99,374.0,Yerevan,5.16,129.18,1.4,AMD,1.76,11.7,$0.77 ,,92.7,54.6,11.0,Yerevan,74.9,26.0,$0.66 ,Armenian,81.6,4.4,2957731.0,55.6,20.9,22.6,16.99,1869848.0,,,Asia
Australia,3.0,AU,48.2,7741220.0,58.0,12.6,61.0,Canberra,375.91,119.8,1.6,AUD,1.74,16.3,$0.93 ,,100.3,113.1,3.1,Sydney,82.7,6.0,$13.59 ,,19.6,3.68,25766605.0,65.5,23.0,47.4,5.27,21844756.0,,,Oceania
Austria,109.0,AT,32.4,83.87,21.0,9.7,43.0,Vienna,61.45,118.06,1.5,EUR,1.47,46.9,$1.20 ,,103.1,85.1,2.9,Vienna,81.6,5.0,,German,17.9,5.17,8877067.0,60.7,25.4,51.4,4.67,5194416.0,,,Europe
Azerbaijan,123.0,AZ,57.7,86.6,82.0,14.0,994.0,Baku,37.62,156.32,2.6,AZN,1.73,14.1,$0.56 ,,99.7,27.7,19.2,Baku,72.9,26.0,$0.47 ,Azerbaijani language,78.6,3.45,10023318.0,66.5,13.0,40.7,5.51,5616165.0,,,Asia
The Bahamas,39.0,BS,1.4,13.88,1.0,13.97,1.0,"Nassau, Bahamas",1.79,116.22,2.5,,1.75,51.4,$0.92 ,,81.4,15.1,8.3,"Nassau, Bahamas",73.8,70.0,$5.25 ,English,27.8,1.94,389.48,74.6,14.8,33.8,10.36,323.78,,,North America
Bahrain,2.24,BH,11.1,765.0,19.0,13.99,973.0,Manama,31.69,117.59,2.1,BHD,1.99,0.8,$0.43 ,,99.4,50.5,6.1,Riffa,77.2,14.0,,Arabic,25.1,0.93,1501635.0,73.4,4.2,13.8,0.71,1467109.0,,,Asia
Bangladesh,1.26,BD,70.6,148.46,221.0,18.18,880.0,Dhaka,84.25,179.68,5.6,BDT,2.04,11.0,$1.12 ,,116.5,20.6,25.1,Dhaka,72.3,173.0,$0.51 ,Bengali,71.8,0.58,167310838.0,59.0,8.8,33.4,4.19,60987417.0,,,Asia
Barbados,668.0,BB,23.3,430.0,1.0,10.65,1.0,Bridgetown,1.28,134.09,4.1,BBD,1.62,14.7,$1.81 ,,99.4,65.4,11.3,Bridgetown,79.1,27.0,$3.13 ,English,45.2,2.48,287.02,65.2,27.5,35.6,10.33,89.43,,,North America
Belarus,47.0,BY,42.0,207.6,155.0,9.9,375.0,Minsk,58.28,,5.6,BYN,1.45,42.6,$0.60 ,,100.5,87.4,2.6,Minsk,74.2,2.0,$1.49 ,Russian,34.5,5.19,9466856.0,64.1,14.7,53.3,4.59,7482982.0,,,Europe
Belgium,383.0,BE,44.6,30.53,32.0,10.3,32.0,City of Brussels,96.89,117.11,1.4,EUR,1.62,22.6,$1.43 ,,103.9,79.7,2.9,Brussels,81.6,5.0,$10.31 ,French,17.6,3.07,11484055.0,53.6,24.0,55.4,5.59,11259082.0,,,Europe
Belize,17.0,BZ,7.0,22.97,2.0,20.79,501.0,Belmopan,568.0,105.68,-0.9,BZD,2.31,59.7,$1.13 ,,111.7,24.7,11.2,Belize City,74.5,36.0,$1.65 ,English,22.7,1.12,390.35,65.1,26.3,31.1,6.41,179.04,,,North America
Benin,108.0,BJ,33.3,112.62,12.0,36.22,229.0,Porto-Novo,6.48,110.71,-0.9,XOF,4.84,37.8,$0.72 ,,122.0,12.3,60.5,Cotonou,61.5,397.0,$0.39 ,French,40.5,0.08,11801151.0,70.9,10.8,48.9,2.23,5648149.0,,,Africa
Bhutan,20.0,BT,13.6,38.39,6.0,17.26,975.0,Thimphu,1.26,167.18,2.7,,1.98,72.5,$0.98 ,,100.1,15.6,24.8,Thimphu,71.5,183.0,$0.32 ,Dzongkha,19.8,0.42,727.14,66.7,16.0,35.3,2.34,317.54,,,Asia
Bolivia,11.0,BO,34.8,1098581.0,71.0,21.75,591.0,Sucre,21.61,148.32,1.8,BOB,2.73,50.3,$0.71 ,,98.2,,21.8,Santa Cruz de la Sierra,71.2,155.0,$1.36 ,Spanish,25.9,1.59,11513100.0,71.8,17.0,83.7,3.5,8033035.0,,,South America
Bosnia and Herzegovina,64.0,BA,43.1,51.2,11.0,8.11,387.0,Sarajevo,21.85,104.9,0.6,BAM,1.27,42.7,$1.05 ,,,23.3,5.0,Tuzla Canton,77.3,10.0,$1.04 ,Bosnian,28.6,2.16,3301000.0,46.4,20.4,23.7,18.42,1605144.0,,,Europe
Botswana,4.0,BW,45.6,581.73,9.0,24.82,267.0,Gaborone,6.34,149.75,2.8,BWP,2.87,18.9,$0.71 ,,103.2,24.9,30.0,Gaborone,69.3,144.0,$0.29 ,English,5.3,0.37,2346179.0,70.8,19.5,25.1,18.19,1616550.0,,,Africa
Brazil,25.0,BR,33.9,8515770.0,730.0,13.92,55.0,Bras���,462.3,167.4,3.7,BRL,1.73,58.9,$1.02 ,,115.4,51.3,12.8,S����,75.7,60.0,$1.53 ,Portuguese,28.3,2.15,212559417.0,63.9,14.2,65.1,12.08,183241641.0,,,South America
Brunei,83.0,BN,2.7,5.76,8.0,14.9,673.0,Bandar Seri Begawan,7.66,99.03,-0.4,BND,1.85,72.1,$0.37 ,,103.2,31.4,9.8,,75.7,31.0,,Malay,6.0,1.61,433.29,64.7,,8.0,9.12,337.71,,,Asia
Bulgaria,64.0,BG,46.3,110.88,31.0,8.9,359.0,Sofia,41.71,114.42,3.1,BGN,1.56,35.4,$1.11 ,,89.3,71.0,5.9,Sofia,74.9,10.0,$1.57 ,Bulgarian,47.7,4.03,6975761.0,55.4,20.2,28.3,4.34,5256027.0,,,Europe
Burkina Faso,76.0,BF,44.2,274.2,11.0,37.93,226.0,Ouagadougou,3.42,106.58,-3.2,XOF,5.19,19.3,$0.98 ,,96.1,6.5,49.0,Ouagadougou,61.2,320.0,$0.34 ,French,36.1,0.08,20321378.0,66.4,15.0,41.3,6.26,6092349.0,,,Africa
Burundi,463.0,BI,79.2,27.83,31.0,39.01,257.0,Bujumbura,495.0,182.11,-0.7,BIF,5.41,10.9,$1.21 ,,121.4,6.1,41.0,Bujumbura,61.2,548.0,,Kirundi,19.1,0.1,11530580.0,79.2,13.6,41.2,1.43,1541177.0,,,Africa
Ivory Coast,83.0,CI,64.8,322.46,27.0,35.74,225.0,Yamoussoukro,9.67,111.61,-0.9,XOF,4.65,32.7,$0.93 ,,99.8,9.3,59.4,Abidjan,57.4,617.0,$0.36 ,French,36.0,0.23,25716544.0,57.0,11.8,50.1,3.32,13176900.0,,,Africa
Cape Verde,138.0,CV,19.6,4.03,1.0,19.49,238.0,Praia,543.0,110.5,1.1,CVE,2.27,22.5,$1.02 ,,104.0,23.6,16.7,Praia,72.8,58.0,$0.68 ,Portuguese,23.2,0.77,483.63,60.5,20.1,37.5,12.25,364.03,,,Africa
Cambodia,95.0,KH,30.9,181.03,191.0,22.46,855.0,Phnom Penh,9.92,127.63,2.5,,2.5,52.9,$0.90 ,,107.4,13.7,24.0,Phnom Penh,69.6,160.0,,Khmer language,59.4,0.17,16486542.0,82.3,17.1,23.1,0.68,3924621.0,,,Asia
Cameroon,56.0,CM,20.6,475.44,24.0,35.39,237.0,Yaound�,8.29,118.65,2.5,XAF,4.57,39.3,$1.03 ,,103.4,12.8,50.6,Douala,58.9,529.0,$0.35 ,French,69.7,0.09,25876380.0,76.1,12.8,57.7,3.38,14741256.0,,,Africa
Canada,4.0,CA,6.9,9984670.0,72.0,10.1,1.0,Ottawa,544.89,116.76,1.9,CAD,1.5,38.2,$0.81 ,,100.9,68.9,4.3,Toronto,81.9,10.0,$9.51 ,French,14.6,2.61,36991981.0,65.1,12.8,24.5,5.56,30628482.0,,,North America
Central African Republic,8.0,CF,8.2,622.98,8.0,35.35,236.0,Bangui,297.0,186.86,37.1,,4.72,35.6,$1.41 ,,102.0,3.0,84.5,Bangui,52.8,829.0,$0.37 ,French,39.6,0.06,4745185.0,72.0,8.6,73.3,3.68,1982064.0,,,Africa
Chad,13.0,TD,39.7,1284000.0,35.0,42.17,235.0,N'Djamena,1.02,117.7,-1.0,XAF,5.75,3.8,$0.78 ,,86.8,3.3,71.4,N'Djamena,54.0,1140.0,$0.60 ,French,56.4,0.04,15946876.0,70.7,,63.5,1.89,3712273.0,,,Africa
Chile,26.0,CL,21.2,756.1,122.0,12.43,56.0,Santiago,85.82,131.91,2.6,CLP,1.65,24.3,$1.03 ,,101.4,88.5,6.2,Santiago,80.0,13.0,$2.00 ,Spanish,32.2,2.59,18952038.0,62.6,18.2,34.0,7.09,16610135.0,,,South America
China,153.0,CN,56.2,9596960.0,2695000.0,10.9,86.0,Beijing,9893038.0,125.08,2.9,CNY,1.69,22.4,$0.96 ,,100.2,50.6,7.4,Shanghai,77.0,29.0,$0.87 ,Standard Chinese,32.4,1.98,1397715000.0,68.0,9.4,59.2,4.32,842933962.0,,,Asia
Colombia,46.0,CO,40.3,1138910.0,481.0,14.88,57.0,Bogot�,97.81,140.95,3.5,COP,1.81,52.7,$0.68 ,,114.5,55.3,12.2,Bogot�,77.1,83.0,$1.23 ,Spanish,18.3,2.18,50339443.0,68.8,14.4,71.2,9.71,40827302.0,,,South America
Comoros,467.0,KM,71.5,2.23,,31.88,269.0,"Moroni, Comoros",202.0,103.62,-4.3,KMF,4.21,19.7,,,99.5,9.0,51.3,"Moroni, Comoros",64.1,273.0,$0.71 ,French,74.8,0.27,850.89,43.3,,219.6,4.34,248.15,,,Africa
Democratic Republic of the Congo,16.0,,31.1,342.0,12.0,32.86,242.0,Brazzaville,3.28,124.74,2.2,XAF,4.43,65.4,$0.97 ,,106.6,12.7,36.2,Brazzaville,64.3,378.0,$0.88 ,French,43.8,0.12,5380508.0,69.4,9.0,54.3,9.47,3625010.0,,,Africa
Costa Rica,100.0,CR,34.5,51.1,10.0,13.97,506.0,San Jos������,8.02,128.85,2.1,CRC,1.75,54.6,$0.98 ,,113.3,55.2,7.6,San Jos������,80.1,27.0,$1.84 ,Spanish,21.5,2.89,5047561.0,62.1,13.6,58.3,11.85,4041885.0,,,North America
Croatia,73.0,HR,27.6,56.59,18.0,9.0,385.0,Zagreb,17.49,109.82,0.8,HRK,1.47,34.4,$1.26 ,,96.5,67.9,4.0,Zagreb,78.1,8.0,$2.92 ,Croatian,15.2,3.0,4067500.0,51.2,22.0,20.5,6.93,2328318.0,,,Europe
Cuba,106.0,CU,59.9,110.86,76.0,10.17,53.0,Havana,28.28,,,CUP,1.62,31.3,$1.40 ,,101.9,41.4,3.7,Havana,78.7,36.0,$0.05 ,Spanish,,8.42,11333483.0,53.6,,,1.64,8739135.0,,,North America
Cyprus,131.0,CY,12.2,9.25,16.0,10.46,357.0,Nicosia,6.63,102.51,0.3,EUR,1.33,18.7,$1.23 ,,99.3,75.9,1.9,Statos�������,80.8,6.0,,Greek,43.9,1.95,1198575.0,63.1,24.5,22.4,7.27,800.71,,,Asia
Czech Republic,139.0,CZ,45.2,78.87,23.0,10.7,420.0,Prague,102.22,116.48,2.8,CZK,1.69,34.6,$1.17 ,,100.7,64.1,2.7,Prague,79.0,3.0,$3.00 ,Czech,14.8,4.12,10669709.0,60.6,14.9,46.1,1.93,7887156.0,,,Europe
Democratic Republic of the Congo,40.0,CD,11.6,2344858.0,134.0,41.18,243.0,Kinshasa,2.02,133.85,2.9,CDF,5.92,67.2,$1.49 ,,108.0,6.6,68.2,Kinshasa,60.4,473.0,$0.18 ,French,37.4,0.07,86790567.0,63.5,10.7,50.7,4.24,39095679.0,,,Africa
Denmark,137.0,DK,62.0,43.09,15.0,10.6,45.0,Copenhagen,31.79,110.35,0.8,DKK,1.73,14.7,$1.55 ,,101.3,80.6,3.6,Copenhagen,81.0,4.0,,Danish,13.7,4.01,5818553.0,62.2,32.4,23.8,4.91,5119978.0,,,Europe
Djibouti,43.0,DJ,73.4,23.2,13.0,21.47,253.0,Djibouti City,620.0,120.25,3.3,DJF,2.73,0.2,$1.32 ,,75.3,5.3,49.8,Djibouti City,66.6,248.0,,French,20.4,0.22,973.56,60.2,,37.9,10.3,758.55,,,Africa
Dominica,96.0,DM,33.3,751.0,,12.0,1.0,Roseau,180.0,103.87,1.0,XCD,1.9,57.4,,,114.7,7.2,32.9,Roseau,76.6,,$1.48 ,English,28.4,1.08,71.81,,22.1,32.6,,50.83,,,North America
Dominican Republic,225.0,DO,48.7,48.67,71.0,19.51,1.0,Santo Domingo,25.26,135.5,1.8,DOP,2.35,41.7,$1.07 ,,105.7,59.9,24.1,Santo Domingo,73.9,95.0,$0.40 ,Spanish,43.7,1.56,10738958.0,64.3,13.0,48.8,5.84,8787475.0,,,North America
Ecuador,71.0,EC,22.2,283.56,41.0,19.72,593.0,Quito,41.16,124.14,0.3,USD,2.43,50.2,$0.61 ,,103.3,44.9,12.2,Quito,76.8,59.0,$2.46 ,Spanish,43.7,2.04,17373662.0,68.0,,34.4,3.97,11116711.0,,,South America
Egypt,103.0,EG,3.8,1001450.0,836.0,26.38,20.0,Cairo,238.56,288.57,9.2,EGP,3.33,0.1,$0.40 ,,106.3,35.2,18.1,Cairo,71.8,37.0,,Modern Standard Arabic,62.0,0.45,100388073.0,46.4,12.5,44.4,10.76,42895824.0,,,Africa
El Salvador,313.0,SV,76.4,21.04,42.0,18.25,503.0,San Salvador,7.17,111.23,0.1,,2.04,12.6,$0.83 ,,94.8,29.4,11.8,San Salvador,73.1,46.0,$0.50 ,Spanish,27.9,1.57,6453553.0,59.1,18.1,36.4,4.11,4694702.0,,,North America
Equatorial Guinea,50.0,GQ,10.1,28.05,1.0,33.24,240.0,Malabo,5.66,124.35,1.2,XAF,4.51,55.5,,,61.8,1.9,62.6,Malabo,58.4,301.0,$1.05 ,Spanish,72.0,0.4,1355986.0,62.0,6.1,79.4,6.43,984.81,,,Africa
Eritrea,35.0,ER,75.2,117.6,202.0,30.3,291.0,Asmara,711.0,,,ERN,4.06,14.9,$2.00 ,,68.4,3.4,31.3,Asmara,65.9,480.0,,Tigrinya,52.4,0.06,6333135.0,78.4,,83.7,5.14,1149670.0,,,Africa
Estonia,31.0,EE,23.1,45.23,6.0,10.9,372.0,Tallinn,16.59,122.14,2.3,EUR,1.59,51.3,$1.14 ,,97.2,69.6,2.1,Tallinn,78.2,9.0,$3.14 ,Estonian,22.8,4.48,1331824.0,63.6,20.9,47.8,5.11,916.02,,,Europe
Eswatini,67.0,,,17.36,,,268.0,Mbabane,,,,,,,,,,,,Mbabane,,,,English,11.3,,1093238.0,,28.6,,,,,,Africa
Ethiopia,115.0,ET,36.3,1104300.0,138.0,32.34,251.0,Addis Ababa,14.87,143.86,15.8,ETB,4.25,12.5,$0.75 ,,101.0,8.1,39.1,Addis Ababa,66.2,401.0,,Amharic,37.8,0.08,112078730.0,79.6,7.5,37.7,2.08,23788710.0,,,Africa
Fiji,49.0,FJ,23.3,18.27,4.0,21.28,679.0,Suva,2.05,132.3,1.8,FJD,2.77,55.9,$0.82 ,,106.4,16.1,21.6,Suva,67.3,34.0,$1.28 ,Fiji Hindi,21.4,0.84,889.95,57.6,24.2,32.1,4.1,505.05,,,Oceania
Finland,18.0,FI,7.5,338.14,25.0,8.6,358.0,Helsinki,45.87,112.33,1.0,EUR,1.41,73.1,$1.45 ,,100.2,88.2,1.4,Helsinki,81.7,3.0,,Swedish,19.9,3.81,5520314.0,59.1,20.8,36.6,6.59,4716888.0,,,Europe
France,119.0,FR,52.4,643.8,307.0,11.3,33.0,Paris,303.28,110.05,1.1,EUR,1.88,31.2,$1.39 ,,102.5,65.6,3.4,Paris,82.5,8.0,$11.16 ,French,6.8,3.27,67059887.0,55.1,24.2,60.7,8.43,54123364.0,,,Europe
Gabon,9.0,GA,20.0,267.67,7.0,31.61,241.0,Libreville,5.32,122.19,2.1,XAF,3.97,90.0,$0.92 ,,139.9,8.3,32.7,Libreville,66.2,252.0,$1.46 ,French,25.9,0.68,2172579.0,52.9,10.2,47.1,20.0,1949694.0,,,Africa
The Gambia,239.0,GM,59.8,11.3,1.0,38.54,220.0,Banjul,532.0,172.73,7.1,GMD,5.22,48.4,$1.18 ,,98.0,2.7,39.0,Serekunda,61.7,597.0,$0.13 ,English,20.3,0.1,2347706.0,59.4,9.4,48.4,9.06,1453958.0,,,Africa
Georgia,57.0,GE,34.5,69.7,26.0,13.47,995.0,Tbilisi,10.13,133.61,4.9,GEL,2.06,40.6,$0.76 ,,98.6,63.9,8.7,Tbilisi,73.6,25.0,$0.05 ,Georgian,57.3,7.12,3720382.0,68.3,21.7,9.9,14.4,2196476.0,,,Asia
Germany,240.0,DE,47.7,357.02,180.0,9.5,49.0,Berlin,727.97,112.85,1.4,EUR,1.56,32.7,$1.39 ,,104.0,70.2,3.1,Berlin,80.9,7.0,$9.99 ,German,12.5,4.25,83132799.0,60.8,11.5,48.8,3.04,64324835.0,,,Europe
Ghana,137.0,GH,69.0,238.53,16.0,29.41,233.0,Accra,16.67,268.36,7.2,GHS,3.87,41.2,$0.92 ,,104.8,15.7,34.9,Accra,63.8,308.0,$0.27 ,English,36.1,0.14,30792608.0,67.8,12.6,55.4,4.33,17249054.0,,,Africa
Greece,81.0,GR,47.6,131.96,146.0,8.1,30.0,Athens,62.43,101.87,0.2,EUR,1.35,31.7,$1.54 ,,99.6,136.6,3.6,Macedonia,81.3,3.0,$4.46 ,Greek,35.5,5.48,10716322.0,51.8,26.2,51.9,17.24,8507474.0,,,Europe
Grenada,331.0,GD,23.5,349.0,,16.47,1.0,"St. George's, Grenada",268.0,107.43,0.8,XCD,2.06,50.0,$1.12 ,,106.9,104.6,13.7,"St. George's, Grenada",72.4,25.0,,English,57.0,1.41,112.0,,19.4,47.8,,40.77,,,North America
Guatemala,167.0,GT,36.0,108.89,43.0,24.56,502.0,Guatemala City,16.78,142.92,3.7,GTQ,2.87,32.7,$0.79 ,,101.9,21.8,22.1,Guatemala City,74.1,95.0,$1.60 ,Spanish,55.8,0.35,16604026.0,62.3,10.6,35.2,2.46,8540945.0,,,North America
Guinea,53.0,GN,59.0,245.86,13.0,36.36,224.0,Conakry,3.0,262.95,9.5,GNF,4.7,25.8,$0.90 ,,91.5,11.6,64.9,Kankan,61.2,576.0,,French,54.5,0.08,12771246.0,61.5,10.8,69.3,4.3,4661505.0,,,Africa
Guinea-Bissau,70.0,GW,58.0,36.12,4.0,35.13,245.0,Bissau,293.0,111.65,1.4,XOF,4.48,69.8,,,118.7,2.6,54.0,Bissau,58.0,667.0,$0.16 ,Portuguese,37.2,0.13,1920922.0,72.0,10.3,45.5,2.47,840.92,,,Africa
Guyana,4.0,GY,8.6,214.97,3.0,19.97,592.0,"Georgetown, Guyana",2.38,116.19,2.1,GYD,2.46,83.9,$0.90 ,,97.8,11.6,25.1,"Georgetown, Guyana",69.8,169.0,$0.98 ,English,40.5,0.8,782.77,56.2,,30.6,11.85,208.91,,,South America
Haiti,414.0,HT,66.8,27.75,0.0,24.35,509.0,Port-au-Prince,2.98,179.29,12.5,HTG,2.94,3.5,$0.81 ,,113.6,1.1,49.5,Port-au-Prince,63.7,480.0,$0.25 ,French,36.3,0.23,11263077.0,67.2,,42.7,13.78,6328948.0,,,North America
Vatican City,2.0,,,0.0,,,379.0,Vatican City,,,,EUR,,,,,,,,,,,,Italian,,,836.0,,,,,,,,Europe
Honduras,89.0,HN,28.9,112.09,23.0,21.6,504.0,Tegucigalpa,9.81,150.34,4.4,HNL,2.46,40.0,$0.98 ,,91.5,26.2,15.1,Tegucigalpa,75.1,65.0,$1.01 ,Spanish,49.1,0.31,9746117.0,68.8,17.3,39.1,5.39,5626433.0,,,North America
Hungary,107.0,HU,58.4,93.03,40.0,9.6,36.0,Budapest,45.54,121.64,3.3,HUF,1.54,22.9,$1.18 ,,100.8,48.5,3.6,Budapest,75.8,12.0,$2.62 ,Hungarian,29.0,3.41,9769949.0,56.5,23.0,37.9,3.4,6999582.0,,,Europe
Iceland,3.0,IS,18.7,103.0,0.0,12.0,354.0,Reykjav��,2.06,129.0,3.0,ISK,1.71,0.5,$1.69 ,,100.4,71.8,1.5,Reykjav��,82.7,4.0,,Icelandic,17.0,4.08,361.31,75.0,23.3,31.9,2.84,339.11,,,Europe
India,464.0,IN,60.4,3287263.0,3031000.0,17.86,91.0,New Delhi,2407672.0,180.44,7.7,INR,2.22,23.8,$0.97 ,,113.0,28.1,29.9,Kurebhar,69.4,145.0,$0.30 ,Hindi,65.1,0.86,1366417754.0,49.3,11.2,49.7,5.36,471031528.0,,,Asia
Indonesia,151.0,ID,31.5,1904569.0,676.0,18.07,62.0,Jakarta,563.33,151.18,3.0,IDR,2.31,49.9,$0.63 ,,106.4,36.3,21.1,Kalimantan,71.5,177.0,$0.48 ,Indonesian,48.3,0.43,270203917.0,67.5,10.2,30.1,4.69,151509724.0,,,Asia
Iran,52.0,IR,28.2,1648195.0,563.0,18.78,98.0,Tehran,661.71,550.93,39.9,IRR,2.14,6.6,$0.40 ,,110.7,68.1,12.4,Tehran,76.5,16.0,$1.58 ,Persian,39.7,1.58,82913906.0,44.7,7.4,44.7,11.38,62509623.0,,,Asia
Iraq,93.0,IQ,21.4,438.32,209.0,29.08,964.0,Baghdad,190.06,119.86,0.4,IQD,3.67,1.9,$0.61 ,,108.7,16.2,22.5,Baghdad,70.5,79.0,$1.24 ,Arabic,76.5,0.71,39309783.0,43.0,2.0,30.8,12.82,27783368.0,,,Asia
Republic of Ireland,72.0,,64.5,70.27,9.0,12.5,353.0,Dublin,37.71,106.58,0.9,EUR,1.75,11.0,$1.37 ,,100.9,77.8,3.1,Connacht,82.3,5.0,$10.79 ,Irish,15.2,3.31,5007069.0,62.1,18.3,26.1,4.93,3133123.0,,,Europe
Israel,400.0,IL,24.6,20.77,178.0,20.8,972.0,Jerusalem,65.17,108.15,0.8,ILS,3.09,7.7,$1.57 ,,104.9,63.4,3.0,Jerusalem,82.8,3.0,$7.58 ,Hebrew,24.4,4.62,9053300.0,64.0,23.1,25.3,3.86,8374393.0,,,Asia
Italy,206.0,IT,43.2,301.34,347.0,7.3,39.0,Rome,320.41,110.62,0.6,EUR,1.29,31.8,$1.61 ,,101.9,61.9,2.6,Rome,82.9,2.0,,Italian,22.8,3.98,60297396.0,49.6,24.3,59.1,9.89,42651966.0,,,Europe
Jamaica,273.0,JM,41.0,10.99,4.0,16.1,1876.0,"Kingston, Jamaica",8.22,162.47,3.9,JMD,1.98,30.9,$1.11 ,,91.0,27.1,12.4,"Kingston, Jamaica",74.4,80.0,$1.33 ,Jamaican English,23.7,1.31,2948279.0,66.0,26.8,35.1,8.0,1650594.0,,,North America
Japan,347.0,JP,12.3,377.94,261.0,7.4,81.0,Tokyo,1135886.0,105.48,0.5,,1.42,68.5,$1.06 ,,98.8,63.2,1.8,Tokyo,84.2,5.0,$6.77 ,,13.1,2.41,126226568.0,61.7,11.9,46.7,2.29,115782416.0,,,Asia
Jordan,115.0,JO,12.0,89.34,116.0,21.98,962.0,Amman,25.11,125.6,0.8,JOD,2.76,1.1,$1.10 ,,81.5,34.4,13.9,Amman,74.4,46.0,$1.49 ,Arabic,25.1,2.32,10101694.0,39.3,15.1,28.6,14.72,9213048.0,,,Asia
Kazakhstan,7.0,KZ,80.4,2724900.0,71.0,21.77,7.0,Astana,247.21,182.75,5.2,KZT,2.84,1.2,$0.42 ,,104.4,61.7,8.8,Almaty,73.2,10.0,$0.41 ,Russian,38.8,3.25,18513930.0,68.8,11.7,28.4,4.59,10652915.0,,,Asia
Kenya,94.0,KE,48.5,580.37,29.0,28.75,254.0,Nairobi,17.91,180.51,4.7,KES,3.49,7.8,$0.95 ,,103.2,11.5,30.6,Nairobi,66.3,342.0,$0.25 ,Swahili,33.4,0.16,52573973.0,74.7,15.1,37.2,2.64,14461523.0,,,Africa
Kiribati,147.0,KI,42.0,811.0,,27.89,686.0,South Tarawa,66.0,99.55,0.6,AUD,3.57,15.0,,,101.3,,41.2,South Tarawa,68.1,92.0,,English,0.2,0.2,117.61,,22.0,32.7,,64.49,,,Oceania
Kuwait,240.0,KW,8.4,17.82,25.0,13.94,965.0,Kuwait City,98.73,126.6,1.1,KWD,2.08,0.4,$0.35 ,,92.4,54.4,6.7,Kuwait City,75.4,12.0,$0.95 ,Modern Standard Arabic,14.4,2.58,4207083.0,73.5,1.4,13.0,2.18,4207083.0,,,Asia
Kyrgyzstan,34.0,KG,55.0,199.95,21.0,27.1,996.0,Bishkek,9.79,155.68,1.1,KGS,3.3,3.3,$0.56 ,,107.6,41.3,16.9,Bishkek,71.4,60.0,$0.09 ,Russian,48.2,1.88,6456900.0,59.8,18.0,29.0,6.33,2362644.0,,,Asia
Laos,32.0,LA,10.3,236.8,129.0,23.55,856.0,Vientiane,17.76,135.87,3.3,LAK,2.67,82.1,$0.93 ,,102.4,15.0,37.6,Vientiane,67.6,185.0,$0.83 ,Lao,45.4,0.37,7169455.0,78.5,12.9,24.1,0.63,2555552.0,,,Asia
Latvia,30.0,LV,31.1,64.59,6.0,10.0,371.0,Riga,7.0,116.86,2.8,EUR,1.6,54.0,$1.16 ,,99.4,88.1,3.3,Riga,74.7,19.0,$2.80 ,Latvian,41.6,3.19,1912789.0,61.4,22.9,38.1,6.52,1304943.0,,,Europe
Lebanon,667.0,LB,64.3,10.4,80.0,17.55,961.0,Beirut,24.8,130.02,3.0,LBP,2.09,13.4,$0.74 ,,95.1,26.3,6.4,"Tripoli, Lebanon",78.9,29.0,$2.15 ,Arabic,32.1,2.1,6855713.0,47.0,15.3,32.2,6.23,6084994.0,,,Asia
Lesotho,71.0,LS,77.6,30.36,2.0,26.81,266.0,Maseru,2.51,155.86,5.2,,3.14,1.6,$0.70 ,,120.9,10.2,65.7,Maseru,53.7,544.0,$0.41 ,English,16.9,0.07,2125268.0,67.9,31.6,13.6,23.41,607.51,,,Africa
Liberia,53.0,LR,28.0,111.37,2.0,33.04,231.0,Monrovia,1.39,223.13,23.6,,4.32,43.1,$0.80 ,,85.1,11.9,53.5,Monrovia,63.7,661.0,$0.17 ,English,19.6,0.04,4937374.0,76.3,12.9,46.2,2.81,2548426.0,,,Africa
Libya,4.0,LY,8.7,1759540.0,0.0,18.83,218.0,,50.56,125.71,2.6,LYD,2.24,0.1,$0.11 ,,109.0,60.5,10.2,,72.7,72.0,$1.88 ,Arabic,36.7,2.09,6777452.0,49.7,,32.6,18.56,5448597.0,,,Africa
Liechtenstein,238.0,LI,32.2,160.0,,9.9,423.0,Vaduz,51.0,,,CHF,1.44,43.1,$1.74 ,,104.7,35.6,,Schaan,83.0,,,German,,,38.02,,,21.6,,5.46,,,Europe
Lithuania,43.0,LT,47.2,65.3,34.0,10.0,370.0,Vilnius,12.96,118.38,2.3,EUR,1.63,34.8,$1.16 ,,103.9,72.4,3.3,Vilnius,75.7,8.0,$2.41 ,Lithuanian,32.1,6.35,2786844.0,61.6,16.9,42.6,6.35,1891013.0,,,Europe
Luxembourg,242.0,LU,53.7,2.59,2.0,10.3,352.0,Luxembourg City,8.99,115.09,1.7,EUR,1.37,35.7,$1.19 ,,102.3,19.2,1.9,Luxembourg City,82.1,5.0,$13.05 ,Luxembourgish,10.6,3.01,645.4,59.3,26.5,20.4,5.36,565.49,,,Europe
Madagascar,48.0,MG,71.2,587.04,22.0,32.66,261.0,Antananarivo,3.9,184.33,5.6,MGA,4.08,21.4,$1.11 ,,142.5,5.4,38.2,Antananarivo,66.7,335.0,$0.21 ,French,21.7,0.18,26969307.0,86.1,10.2,38.3,1.76,10210849.0,,,Africa
Malawi,203.0,MW,61.4,118.48,15.0,34.12,265.0,Lilongwe,1.3,418.34,9.4,MWK,4.21,33.2,$1.15 ,,142.5,0.8,35.3,Lilongwe,63.8,349.0,$0.12 ,English,11.0,0.04,18628747.0,76.7,17.3,34.5,5.65,3199301.0,,,Africa
Malaysia,99.0,MY,26.3,329.85,136.0,16.75,60.0,Kuala Lumpur,248.29,121.46,0.7,MYR,2.0,67.6,$0.45 ,,105.3,45.1,6.7,Johor Bahru,76.0,29.0,$0.93 ,Malaysian language,36.7,1.51,32447385.0,64.3,12.0,38.7,3.32,24475766.0,,,Asia
Maldives,1.8,MV,26.3,298.0,5.0,14.2,960.0,Mal�,1.45,99.7,0.2,,1.87,3.3,$1.63 ,,97.1,31.2,7.4,Mal�,78.6,53.0,,Divehi,16.4,4.56,530.95,69.8,19.5,30.2,6.14,213.65,,,Asia
Mali,17.0,ML,33.8,1240192.0,18.0,41.54,223.0,Bamako,3.18,108.73,-1.7,XOF,5.88,3.8,$1.12 ,,75.6,4.5,62.0,Bamako,58.9,562.0,$0.23 ,French,46.3,0.13,19658031.0,70.8,11.6,54.5,7.22,8479688.0,,,Africa
Malta,1.38,MT,32.4,316.0,2.0,9.2,356.0,Valletta,1.34,113.45,1.6,EUR,1.23,1.1,$1.36 ,,105.0,54.3,6.1,Birkirkara,82.3,6.0,$5.07 ,Maltese,37.1,2.86,502.65,56.5,26.2,44.0,3.47,475.9,,,Europe
Marshall Islands,329.0,MH,63.9,181.0,,29.03,692.0,Majuro,143.0,,,USD,4.05,70.2,$1.44 ,,84.7,23.7,27.4,Majuro,65.2,,$2.00 ,Marshallese,10.0,0.42,58.79,,17.8,65.9,,45.51,,,Oceania
Mauritania,5.0,MR,38.5,1030700.0,21.0,33.69,222.0,Nouakchott,2.74,135.02,2.3,MRU,4.56,0.2,$1.13 ,,99.9,5.0,51.5,Nouakchott,64.7,766.0,$0.53 ,Arabic,48.2,0.19,4525696.0,45.9,,67.0,9.55,2466821.0,,,Africa
Mauritius,626.0,MU,42.4,2.04,3.0,10.2,230.0,Port Louis,4.35,129.91,0.4,MUR,1.41,19.0,$1.12 ,,101.1,40.6,13.6,Port Louis,74.4,61.0,$0.38 ,French,50.7,2.53,1265711.0,58.3,19.1,22.2,6.67,515.98,,,Africa
Mexico,66.0,MX,54.6,1964375.0,336.0,17.6,52.0,Mexico City,486.41,141.54,3.6,MXN,2.13,33.9,$0.73 ,,105.8,40.2,11.0,Mexico City,75.0,33.0,$0.49 ,,41.4,2.38,126014024.0,60.7,13.1,55.1,3.42,102626859.0,,,North America
Federated States of Micronesia,784.0,FM,31.4,702.0,,22.82,691.0,Palikir,143.0,112.1,0.5,USD,3.05,91.9,,,97.2,14.1,25.6,Palikir,67.8,88.0,,English,2.5,0.18,113.81,,25.2,60.5,,25.96,,,Oceania
Moldova,123.0,MD,74.2,33.85,7.0,10.1,373.0,Chi����,5.12,166.2,4.8,MDL,1.26,12.6,$0.80 ,,90.6,39.8,13.6,Chi����,71.8,19.0,$0.31 ,Romanian,46.2,3.21,2657637.0,43.1,17.7,38.7,5.47,1135502.0,,,Europe
Monaco,26.34,MC,,2.0,,5.9,377.0,Monaco City,,,,EUR,,,$2.00 ,,,,2.6,Monaco City,,,$11.72 ,French,6.1,6.56,38.96,,,,,38.96,,,Europe
Mongolia,2.0,MN,71.5,1564116.0,18.0,24.13,976.0,Ulaanbaatar,25.37,195.76,7.3,MNT,2.9,8.0,$0.72 ,,104.0,65.6,14.0,Ulaanbaatar,69.7,45.0,$0.65 ,Mongolian,39.3,2.86,3225167.0,59.7,16.8,25.7,6.01,2210626.0,,,Asia
Montenegro,47.0,ME,19.0,13.81,12.0,11.73,382.0,Podgorica,2.02,116.32,2.6,EUR,1.75,61.5,$1.16 ,,100.0,56.1,2.3,Podgorica,76.8,6.0,$1.23 ,Montenegrin language,31.8,2.76,622.14,54.4,,22.2,14.88,417.76,,,Europe
Morocco,83.0,MA,68.5,446.55,246.0,18.94,212.0,Rabat,61.28,111.07,0.2,MAD,2.42,12.6,$0.99 ,,113.9,35.9,19.2,Casablanca,76.5,70.0,$1.60 ,Arabic,53.1,0.73,36910560.0,45.3,21.9,45.8,9.02,22975026.0,,,Africa
Mozambique,40.0,MZ,63.5,799.38,11.0,37.52,258.0,Maputo,7.94,182.31,2.8,MZN,4.85,48.0,$0.65 ,,112.6,7.3,54.0,Maputo,60.2,289.0,$0.27 ,Portuguese,6.8,0.08,30366036.0,78.1,0.0,36.1,3.24,11092106.0,,,Africa
Myanmar,83.0,MM,19.5,676.58,513.0,17.55,95.0,Naypyidaw,25.28,168.18,8.8,MMK,2.15,43.6,$0.54 ,,112.3,18.8,36.8,Yangon,66.9,250.0,$0.39 ,Burmese,73.9,0.68,54045420.0,61.7,5.4,31.2,1.58,16674093.0,,,Asia
Namibia,3.0,,47.1,824.29,16.0,28.64,264.0,Windhoek,4.23,157.97,3.7,,3.4,8.3,$0.76 ,,124.2,22.9,29.0,Windhoek,63.4,195.0,,English,8.3,0.42,2494530.0,59.5,27.1,20.7,20.27,1273258.0,,,Africa
Nauru,541.0,NR,,21.0,,,674.0,Yaren District,,,,AUD,,,,,,,,,,,,English,,,10.08,,,,,,,,Oceania
Nepal,203.0,NP,28.7,147.18,112.0,19.89,977.0,Kathmandu,9.11,188.73,5.6,NPR,1.92,25.4,$0.91 ,,142.1,12.4,26.7,Kathmandu,70.5,186.0,$0.36 ,Nepali,60.4,0.75,28608710.0,83.8,20.7,41.8,1.41,5765513.0,,,Asia
Netherlands,508.0,NL,53.3,41.54,41.0,9.7,31.0,Amsterdam,170.78,115.91,2.6,,1.59,11.2,$1.68 ,,104.2,85.0,3.3,Amsterdam,81.8,5.0,$10.29 ,Dutch,12.3,3.61,17332850.0,63.6,23.0,41.2,3.2,15924729.0,,,Europe
New Zealand,18.0,NZ,40.5,268.84,9.0,11.98,64.0,Wellington,34.38,114.24,1.6,NZD,1.71,38.6,$1.40 ,,100.0,82.0,4.7,Auckland,81.9,9.0,$11.49 ,English,12.6,3.59,4841000.0,69.9,29.0,34.6,4.07,4258860.0,,,Oceania
Nicaragua,55.0,NI,42.1,130.37,12.0,20.64,505.0,Managua,5.59,162.74,5.4,NIO,2.4,25.9,$0.91 ,,120.6,17.4,15.7,Managua,74.3,98.0,$0.54 ,Spanish,36.0,0.98,6545502.0,66.4,15.6,60.6,6.84,3846137.0,,,North America
Niger,19.0,NE,36.1,1267000.0,10.0,46.08,227.0,Niamey,2.02,109.32,-2.5,XOF,6.91,0.9,$0.88 ,,74.7,4.4,48.0,Niamey,62.0,509.0,$0.29 ,French,52.3,0.04,23310715.0,72.0,11.8,47.2,0.47,3850231.0,,,Africa
Nigeria,226.0,NG,77.7,923.77,215.0,37.91,234.0,Abuja,120.37,267.51,11.4,NGN,5.39,7.2,$0.46 ,,84.7,10.2,75.7,Lagos,54.3,917.0,$0.54 ,English,72.2,0.38,200963599.0,52.9,1.5,34.8,8.1,102806948.0,,,Africa
North Korea,214.0,KP,21.8,120.54,1469000.0,13.89,850.0,Pyongyang,28.28,,,KPW,1.9,40.7,$0.58 ,,112.8,27.0,13.7,Pyongyang,72.1,89.0,,Korean,,3.67,25666161.0,80.4,,,2.74,15947412.0,,,Asia
North Macedonia,83.0,,,25.71,,,389.0,Skopje,,,,MKD,,,,,,,,Skopje,,,,Macedonian,35.6,,1836713.0,,,,,,,,Europe
Norway,15.0,NO,2.7,323.8,23.0,10.4,47.0,Oslo,41.02,120.27,2.2,NOK,1.56,33.2,$1.78 ,,100.3,82.0,2.1,Oslo,82.8,2.0,,Norwegian,14.3,2.92,5347896.0,63.8,23.9,36.2,3.35,4418218.0,,,Europe
Oman,16.0,OM,4.6,309.5,47.0,19.19,968.0,Muscat,63.46,113.53,0.1,OMR,2.89,0.0,$0.45 ,,103.4,38.0,9.8,Seeb,77.6,19.0,$4.33 ,Arabic,6.4,2.0,5266535.0,72.4,2.5,27.4,2.67,4250777.0,,,Asia
Pakistan,287.0,PK,47.8,796.1,936.0,28.25,92.0,Islamabad,201.15,182.32,10.6,PKR,3.51,1.9,$0.79 ,,94.3,9.0,57.2,Karachi,67.1,140.0,$0.69 ,Urdu,66.5,0.98,216565318.0,52.6,9.2,33.9,4.45,79927762.0,,,Asia
Palau,39.0,PW,10.9,459.0,,14.0,680.0,Ngerulmud,224.0,118.17,1.3,USD,2.21,87.6,,,112.6,54.7,16.6,Koror,69.1,,$3.00 ,English,21.8,1.18,18.23,,21.3,76.6,,14.49,,,Oceania
Palestine,847.0,,,,,,,,,,,,,,,,,,,,,,,Arabic,,,,,,,,,,,Asia
Panama,58.0,PA,30.4,75.42,26.0,18.98,507.0,Panama City,10.71,122.07,-0.4,,2.46,61.9,$0.74 ,,94.4,47.8,13.1,Panama City,78.3,52.0,$1.53 ,Spanish,30.5,1.57,4246439.0,66.6,,37.2,3.9,2890084.0,,,North America
Papua New Guinea,20.0,PG,2.6,462.84,4.0,27.07,675.0,Port Moresby,7.54,155.99,3.6,PGK,3.56,74.1,$1.36 ,,108.5,1.8,38.0,Port Moresby,64.3,145.0,$1.16 ,Tok Pisin,5.8,0.07,8776109.0,47.2,13.6,37.1,2.46,1162834.0,,,Oceania
Paraguay,18.0,PY,55.1,406.75,27.0,20.57,595.0,Asunci��,7.41,143.82,2.8,PYG,2.43,37.7,$1.04 ,,104.4,34.6,17.2,Ciudad del Este,74.1,129.0,$1.55 ,Spanish,36.5,1.35,7044636.0,72.1,10.0,35.0,4.81,4359150.0,,,South America
Peru,26.0,PE,18.5,1285216.0,158.0,17.95,51.0,Lima,57.41,129.78,2.1,PEN,2.25,57.7,$0.99 ,,106.9,70.7,11.1,Lima,76.5,88.0,$1.28 ,Spanish,30.9,1.27,32510453.0,77.6,14.3,36.8,3.31,25390339.0,,,South America
Philippines,368.0,PH,41.7,300.0,153.0,20.55,63.0,Manila,122.29,129.61,2.5,PHP,2.58,27.8,$0.86 ,,107.5,35.5,22.5,Manila,71.1,121.0,$1.12 ,English,53.5,0.6,108116615.0,59.6,14.0,43.1,2.15,50975903.0,,,Asia
Poland,124.0,PL,46.9,312.69,191.0,10.2,48.0,Warsaw,299.04,114.11,2.2,PLN,1.46,30.9,$1.07 ,,100.0,67.8,3.8,Warsaw,77.6,2.0,$2.93 ,Polish,23.2,2.38,37970874.0,56.7,17.4,40.8,3.47,22796574.0,,,Europe
Portugal,111.0,PT,39.5,92.21,52.0,8.5,351.0,Lisbon,48.74,110.62,0.3,EUR,1.38,34.6,$1.54 ,,106.2,63.9,3.1,Lisbon,81.3,8.0,$3.78 ,Portuguese,27.7,5.12,10269417.0,58.8,22.8,39.8,6.33,6753579.0,,,Europe
Qatar,248.0,QA,5.8,11.59,22.0,9.54,974.0,Doha,103.26,115.38,-0.7,QAR,1.87,0.0,$0.40 ,,103.8,17.9,5.8,Doha,80.1,9.0,,Arabic,6.2,2.49,2832067.0,86.8,14.7,11.3,0.09,2809071.0,,,Asia
Romania,84.0,RO,58.8,238.39,126.0,9.6,40.0,Bucharest,69.26,123.78,3.8,RON,1.71,30.1,$1.16 ,,85.2,49.4,6.1,Bucharest,75.4,19.0,$2.25 ,Romanian,21.3,2.98,19356544.0,54.7,14.6,20.0,3.98,10468793.0,,,Europe
Russia,9.0,RU,13.3,17098240.0,1454000.0,11.5,7.0,Moscow,1732027.0,180.75,4.5,RUB,1.57,49.8,$0.59 ,,102.6,81.9,6.1,Moscow,72.7,17.0,$0.53 ,Russian,36.4,4.01,144373535.0,61.8,11.4,46.2,4.59,107683889.0,,,Europe
Rwanda,525.0,RW,73.4,26.34,35.0,31.7,250.0,Kigali,1.11,151.09,3.4,RWF,4.04,19.7,$1.17 ,,133.0,6.7,27.0,Kigali,68.7,248.0,,Swahili,26.0,0.13,12626950.0,83.7,14.3,33.2,1.03,2186104.0,,,Africa
Saint Kitts and Nevis,205.0,KN,23.1,261.0,,12.6,1.0,Basseterre,238.0,104.57,-1.0,XCD,2.11,42.3,,,108.7,86.7,9.8,Basseterre,71.3,,$3.33 ,English,56.6,2.52,52.82,,18.5,49.7,,16.27,,,North America
Saint Lucia,301.0,LC,17.4,616.0,,12.0,1.0,Castries,414.0,110.13,1.9,XCD,1.44,33.2,$1.30 ,,102.6,14.1,14.9,Castries,76.1,117.0,,English,48.4,0.64,182.79,67.1,18.2,34.7,20.71,34.28,,,North America
Saint Vincent and the Grenadines,284.0,VC,25.6,389.0,,14.24,1.0,Kingstown,220.0,109.67,2.3,XCD,1.89,69.2,,,113.4,23.7,14.8,Calliaqua,72.4,68.0,$1.16 ,English,21.4,0.66,100.45,65.9,25.4,37.0,18.88,58.19,,,North America
Samoa,70.0,WS,12.4,2.83,,24.38,685.0,Apia,246.0,117.56,1.0,WST,3.88,60.4,$0.91 ,,110.5,7.6,13.6,Apia,73.2,43.0,$0.78 ,Samoan,11.5,0.34,202.51,43.7,25.5,19.3,8.36,35.59,,,Oceania
San Marino,566.0,SM,16.7,61.0,,6.8,378.0,City of San Marino,,110.63,1.0,EUR,1.26,0.0,,,108.1,42.5,1.7,City of San Marino,85.4,,,Italian,18.3,6.11,33.86,,18.1,36.2,,32.97,,,Europe
Sao Tome and Principe,228.0,ST,50.7,964.0,1.0,31.54,239.0,S����,121.0,185.09,7.9,STN,4.32,55.8,,,106.8,13.4,24.4,S����,70.2,130.0,,,11.7,0.05,215.06,57.8,14.6,37.0,13.37,158.28,,,Africa
Saudi Arabia,16.0,SA,80.8,2149690.0,252.0,17.8,966.0,Riyadh,563.45,118.4,-1.2,SAR,2.32,0.5,$0.24 ,,99.8,68.0,6.0,Riyadh,75.0,17.0,$3.85 ,Arabic,15.0,2.61,34268528.0,55.9,8.9,15.7,5.93,28807838.0,,,Asia
Senegal,87.0,SN,46.1,196.72,19.0,34.52,221.0,Dakar,10.9,109.25,1.8,XOF,4.63,42.8,$1.14 ,,81.0,12.8,31.8,Pikine,67.7,315.0,$0.31 ,French,44.2,0.07,16296364.0,45.7,16.3,44.8,6.6,7765706.0,,,Africa
Serbia,100.0,RS,39.3,77.47,32.0,9.2,381.0,Belgrade,45.22,144.0,1.8,RSD,1.49,31.1,$1.16 ,,100.3,67.2,4.8,Belgrade,75.5,12.0,$1.57 ,Serbian,40.6,3.11,6944975.0,54.9,18.6,36.6,12.69,3907243.0,,,Europe
Seychelles,214.0,SC,3.4,455.0,0.0,17.1,248.0,"Victoria, Seychelles",605.0,129.96,1.8,SCR,2.41,88.4,,,100.4,17.1,12.4,"Victoria, Seychelles",72.8,53.0,$2.00 ,French,2.5,0.95,97.62,,34.1,30.1,,55.76,,,Africa
Sierra Leone,111.0,SL,54.7,71.74,9.0,33.41,232.0,Freetown,1.09,234.16,14.8,SLL,4.26,43.1,$1.08 ,,112.8,2.0,78.5,Freetown,54.3,1120.0,$0.57 ,English,38.2,0.03,7813215.0,57.9,8.6,30.7,4.43,3319366.0,,,Africa
Singapore,8.36,SG,0.9,716.0,81.0,8.8,65.0,,37.53,114.41,0.6,SGD,1.14,23.1,$1.25 ,,100.6,84.8,2.3,,83.1,8.0,,Malay,36.7,2.29,5703569.0,70.5,13.1,21.0,4.11,5703569.0,,,Asia
Slovakia,114.0,SK,39.2,49.03,16.0,10.6,421.0,Bratislava,32.42,115.34,2.7,EUR,1.52,40.4,$1.32 ,,98.7,46.6,4.6,Bratislava,77.2,5.0,$3.11 ,Slovak,18.4,3.42,5454073.0,59.5,18.7,49.7,5.56,2930419.0,,,Europe
Slovenia,103.0,SI,30.7,20.27,7.0,9.4,386.0,Ljubljana,12.63,111.05,1.6,EUR,1.6,62.0,$1.32 ,,100.4,78.6,1.7,Ljubljana,81.0,7.0,$5.25 ,Slovene language,12.5,3.09,2087946.0,58.4,18.6,31.0,4.2,1144654.0,,,Europe
Solomon Islands,25.0,SB,3.9,28.9,,32.44,677.0,Honiara,169.0,133.06,1.6,SBD,4.4,77.9,,,106.2,,17.1,Honiara,72.8,104.0,$0.40 ,English,3.3,0.19,669.82,83.8,29.5,32.0,0.58,162.16,,,Oceania
Somalia,25.0,SO,70.3,637.66,20.0,41.75,252.0,Mogadishu,645.0,,,SOS,6.07,10.0,$1.41 ,,23.4,2.5,76.6,Bosaso,57.1,829.0,,Arabic,,0.02,15442905.0,47.4,0.0,,11.35,7034861.0,,,Africa
South Africa,49.0,ZA,79.8,1219090.0,80.0,20.51,27.0,Pretoria,476.64,158.93,4.1,ZAR,2.41,7.6,$0.92 ,,100.9,22.4,28.5,Johannesburg,63.9,119.0,,Afrikaans,7.7,0.91,58558270.0,56.0,27.5,29.2,28.18,39149717.0,,,Africa
South Korea,527.0,KR,17.4,99.72,634.0,6.4,82.0,Seoul,620.3,115.16,0.4,KRW,0.98,63.4,$1.22 ,,98.1,94.3,2.7,Seoul,82.6,11.0,$6.49 ,Korean,36.8,2.36,51709098.0,63.0,15.6,33.2,4.15,42106719.0,,,Asia
South Sudan,18.0,SS,,644.33,185.0,35.01,211.0,Juba,1.73,,187.9,SSP,4.7,,$0.28 ,,73.0,,63.7,Juba,57.6,1150.0,,English,61.3,,11062113.0,72.4,,31.4,12.24,2201250.0,,,Africa
Spain,94.0,ES,52.6,505.37,196.0,7.9,34.0,Madrid,244.0,110.96,0.7,EUR,1.26,36.9,$1.26 ,,102.7,88.9,2.5,Madrid,83.3,4.0,$5.60 ,Spanish,24.2,3.87,47076781.0,57.5,14.2,47.0,13.96,37927409.0,,,Europe
Sri Lanka,341.0,LK,43.7,65.61,317.0,15.83,94.0,Colombo,23.36,155.53,3.5,LKR,2.2,32.9,$0.88 ,,100.2,19.6,6.4,Colombo,76.8,36.0,$0.35 ,Tamil,38.4,1.0,21803000.0,53.9,11.9,55.2,4.2,4052088.0,,,Asia
Sudan,25.0,SD,28.7,1861484.0,124.0,32.18,249.0,Khartoum,20.0,,51.0,SDG,4.41,8.1,$0.95 ,,76.8,16.9,42.1,Omdurman,65.1,295.0,$0.41 ,Arabic,63.2,0.26,42813238.0,48.4,8.0,45.4,16.53,14957233.0,,,Africa
Suriname,4.0,SR,0.6,163.82,2.0,18.54,597.0,Paramaribo,1.74,294.66,22.0,SRD,2.42,98.3,$1.29 ,,108.8,12.6,16.9,Paramaribo,71.6,120.0,,Dutch,10.1,1.21,581.37,51.1,19.5,27.9,7.33,384.26,,,South America
Sweden,25.0,SE,7.4,450.3,30.0,11.4,46.0,Stockholm,43.25,110.51,1.8,SEK,1.76,68.9,$1.42 ,,126.6,67.0,2.2,S�����,82.5,4.0,,Swedish,15.2,3.98,10285453.0,64.6,27.9,49.1,6.48,9021165.0,,,Europe
Switzerland,219.0,CH,38.4,41.28,21.0,10.0,41.0,Bern,34.48,99.55,0.4,CHF,1.52,31.8,$1.45 ,,105.2,59.6,3.7,Z���,83.6,5.0,,German,28.3,4.3,8574832.0,68.3,10.1,28.8,4.58,6332428.0,,,Europe
Syria,95.0,SY,75.8,185.18,239.0,23.69,963.0,Damascus,28.83,143.2,36.7,SYP,2.81,2.7,$0.83 ,,81.7,40.1,14.0,Damascus,71.8,31.0,$1.02 ,Arabic,53.7,1.22,17070135.0,44.1,14.2,42.7,8.37,9358019.0,,,Asia
Tajikistan,68.0,TJ,34.1,144.1,17.0,30.76,992.0,Dushanbe,5.31,148.57,6.0,TJS,3.59,3.0,$0.71 ,,100.9,31.3,30.4,Dushanbe,70.9,17.0,$0.23 ,Persian,63.1,1.7,9321018.0,42.0,9.8,67.3,11.02,2545477.0,,,Asia
Tanzania,67.0,TZ,44.8,947.3,28.0,36.7,255.0,Dodoma,11.97,187.43,3.5,TZS,4.89,51.6,$0.87 ,,94.2,4.0,37.6,Dar es Salaam,65.0,524.0,$0.09 ,Swahili,26.1,0.01,58005463.0,83.4,11.5,43.8,1.98,20011885.0,,,Africa
Thailand,137.0,TH,43.3,513.12,455.0,10.34,66.0,Bangkok,283.76,113.27,0.7,THB,1.53,32.2,$0.71 ,,99.8,49.3,7.8,Bangkok,76.9,37.0,$1.06 ,Thai,11.8,0.81,69625582.0,67.3,14.9,29.5,0.75,35294600.0,,,Asia
East Timor,89.0,TL,25.6,14.87,2.0,29.42,670.0,Dili,495.0,145.38,2.6,USD,4.02,45.4,$1.10 ,,115.3,17.8,39.3,Dili,69.3,142.0,$0.60 ,Portuguese,10.2,0.72,3500000.0,67.3,25.0,17.3,4.55,400.18,,,Asia
Togo,152.0,TG,70.2,56.78,10.0,33.11,228.0,Lom�,3.0,113.3,0.7,XOF,4.32,3.1,$0.71 ,,123.8,14.5,47.4,Lom�,60.8,396.0,$0.34 ,French,51.0,0.08,8082366.0,77.6,16.9,48.2,2.04,3414638.0,,,Africa
Tonga,147.0,TO,45.8,747.0,,24.3,676.0,Nuku����,128.0,121.09,7.4,TOP,3.56,12.5,,,116.3,6.4,13.4,Nuku����,70.8,52.0,,Tongan Language,10.2,0.52,100.21,59.8,22.3,27.5,1.12,24.14,,,Oceania
Trinidad and Tobago,273.0,TT,10.5,5.13,4.0,12.94,1.0,Port of Spain,43.87,141.75,1.0,TTD,1.73,46.0,$0.54 ,,106.2,12.0,16.4,Chaguanas,73.4,67.0,$2.25 ,English,37.3,4.17,1394973.0,60.0,19.5,40.5,2.69,741.94,,,North America
Tunisia,76.0,TN,64.8,163.61,48.0,17.56,216.0,Tunis,29.94,155.33,6.7,TND,2.2,6.8,$0.73 ,,115.4,31.7,14.6,Tunis,76.5,43.0,$0.47 ,Arabic,39.8,1.3,11694719.0,46.1,21.1,60.7,16.02,8099061.0,,,Africa
Turkey,110.0,TR,49.8,783.56,512.0,16.03,90.0,Ankara,372.73,234.44,15.2,TRY,2.07,15.4,$1.42 ,,93.2,23.9,9.1,Istanbul,77.4,17.0,$3.45 ,Turkish,16.9,1.85,83429615.0,52.8,17.9,42.3,13.49,63097818.0,,,Asia
Turkmenistan,13.0,TM,72.0,488.1,42.0,23.83,993.0,Ashgabat,70.63,,,TMT,2.79,8.8,$0.29 ,,88.4,8.0,39.3,Ashgabat,68.1,7.0,$0.88 ,Turkmen,71.1,2.22,5942089.0,64.5,,,3.91,3092738.0,,,Asia
Tuvalu,393.0,TV,60.0,26.0,,,688.0,Funafuti,11.0,,,AUD,,33.3,,,86.0,,20.6,Singapore,,,,Tuvaluan Language,0.7,0.92,11.65,,,,,7.36,,,Oceania
Uganda,229.0,UG,71.9,241.04,46.0,38.14,256.0,Kampala,5.68,173.87,2.9,UGX,4.96,9.7,$0.94 ,,102.7,4.8,33.8,Buganda,63.0,375.0,$0.01 ,Swahili,40.5,0.17,44269594.0,70.3,11.7,33.7,1.84,10784516.0,,,Africa
Ukraine,75.0,UA,71.7,603.55,297.0,8.7,380.0,Kyiv,202.25,281.66,7.9,UAH,1.3,16.7,$0.83 ,,99.0,82.7,7.5,Kyiv,71.6,19.0,$0.84 ,Ukrainian,47.8,2.99,44385155.0,54.2,20.1,45.2,8.88,30835699.0,,,Europe
United Arab Emirates,118.0,AE,5.5,83.6,63.0,10.33,971.0,Abu Dhabi,206.32,114.52,-1.9,AED,1.41,4.6,$0.49 ,,108.4,36.8,6.5,Dubai,77.8,3.0,,Arabic,17.8,2.53,9770529.0,82.1,0.1,15.9,2.35,8479744.0,,,Asia
United Kingdom,281.0,GB,71.7,243.61,148.0,11.0,44.0,London,379.02,119.62,1.7,GBP,1.68,13.1,$1.46 ,,101.2,60.0,3.6,London,81.3,7.0,$10.13 ,English,14.8,2.81,66834405.0,62.8,25.5,30.6,3.85,55908316.0,,,Europe
United States,36.0,US,44.4,9833517.0,1359000.0,11.6,1.0,"Washington, D.C.",5006302.0,117.24,7.5,USD,1.73,33.9,$0.71 ,,101.8,88.2,5.6,New York City,78.5,19.0,$7.25 ,,11.1,2.61,328239523.0,62.0,9.6,36.6,14.7,270663028.0,,,North America
Uruguay,20.0,UY,82.6,176.22,22.0,13.86,598.0,Montevideo,6.77,202.92,7.9,UYU,1.97,10.7,$1.50 ,,108.5,63.1,6.4,Montevideo,77.8,17.0,$1.66 ,Spanish,16.2,5.05,3461734.0,64.0,20.1,41.8,8.73,3303394.0,,,South America
Uzbekistan,79.0,UZ,62.9,447.4,68.0,23.3,998.0,Tashkent,91.81,,,UZS,2.42,7.5,$1.03 ,,104.2,10.1,19.1,Tashkent,71.6,29.0,$0.24 ,Uzbek,42.7,2.37,33580650.0,65.1,14.8,31.6,5.92,16935729.0,,,Asia
Vanuatu,25.0,VU,15.3,12.19,,29.6,678.0,Port Vila,147.0,117.13,2.8,VUV,3.78,36.1,$1.31 ,,109.3,4.7,22.3,Port Vila,70.3,72.0,$1.56 ,French,8.9,0.17,299.88,69.9,17.8,8.5,4.39,76.15,,,Oceania
Venezuela,32.0,VE,24.5,912.05,343.0,17.88,58.0,Caracas,164.18,,254.9,VED,2.27,52.7,$0.00 ,,97.2,79.3,21.4,Caracas,72.1,125.0,$0.01 ,Spanish,45.8,1.92,28515829.0,59.7,,73.3,8.8,25162368.0,,,South America
Vietnam,314.0,VN,39.3,331.21,522.0,16.75,84.0,Hanoi,192.67,163.52,2.8,VND,2.05,48.1,$0.80 ,,110.6,28.5,16.5,Ho Chi Minh City,75.3,43.0,$0.73 ,Vietnamese,43.5,0.82,96462106.0,77.4,19.1,37.6,2.01,35332140.0,,,Asia
Yemen,56.0,YE,44.6,527.97,40.0,30.45,967.0,Sanaa,10.61,157.58,8.1,YER,3.79,1.0,$0.92 ,,93.6,10.2,42.9,Sanaa,66.1,164.0,,Arabic,81.0,0.31,29161922.0,38.0,,26.6,12.91,10869523.0,,,Asia
Zambia,25.0,ZM,32.1,752.62,16.0,36.19,260.0,Lusaka,5.14,212.31,9.2,ZMW,4.63,65.2,$1.40 ,,98.7,4.1,40.4,Lusaka,63.5,213.0,$0.24 ,English,27.5,1.19,17861030.0,74.6,16.2,15.6,11.43,7871713.0,,,Africa
Zimbabwe,38.0,ZW,41.9,390.76,51.0,30.68,263.0,Harare,10.98,105.51,0.9,,3.62,35.5,$1.34 ,,109.9,10.0,33.9,Harare,61.2,458.0,,Shona,25.8,0.21,14645468.0,83.1,20.7,31.6,4.95,4717305.0,,,Africa
